{
    "StartBattle": {
        "interrupt": [
            "GoBackHomepage",
            "Auto",
            "EndFight",
            "ClickScreen",
            "SkipStory"
        ],
        "next": [
            "StrengthenAndCultivate",
            "SelectStageType",
            "SelectBoss"
        ]
    },
    "MainStory": {
        "recognition": "OCR",
        "action": "Click",
        "expected": "主线剧情",
        "post_wait_freezes": 500,
        "next": [
            "SelectStageType",
            "MainStory"
        ]
    },
    "StrengthenAndCultivate": {
        "recognition": "OCR",
        "action": "Click",
        "expected": "强化/养成",
        "replace": [["强化1养成","强化/养成"],
            ["强化养成","强化/养成"]
        ],
        "post_wait_freezes": 500,
        "target_offset": [0,-20,0,-20],
        "next": [
            "SelectStageType",
            "StrengthenAndCultivate"
        ]
    },
    "Event": {
        "recognition": "OCR",
        "roi": [
            657,
            569,
            54,
            33
        ],
        "action": "Click",
        "expected": "活动",
        "post_wait_freezes": 500,
        "next": [
            "SelectEvent"
        ]
    },
    "SelectStageType": {
        "recognition": "OCR",
        "roi": [
            0,
            220,
            1280,
            500
        ],
        "action": "Click",
        "replace": ["宝石楼镜战","宝石棱镜战"],
        "target_offset": [
            20,
            -70,
            -40,
            -40
        ],
        "post_wait_freezes": 500,
        "interrupt": "SwipeUp",
        "next": [
            "SelectBoss",
            "SelectStageType"
        ]
    },
    "SelectEvent": {
        "recognition": "OCR",
        "action": "Click",
        "expected": "开放中",
        "target_offset": [
            0,
            250,
            0,
            0
        ],
        "pre_wait_freezes": 500,
        "post_wait_freezes": 500,
        "next": [
            "EnterEventPrismBattle",
            "SelectEvent"
        ]
    },
    "EnterEventPrismBattle": {
        "recognition": "OCR",
        "action": "Click",
        "expected": "活动棱镜战",
        "post_wait_freezes": 500,
        "next": "TopLevel"
    },
    "SelectOrbBossType": {
        "recognition": "OCR",
        "action": "Click",
        "expected": "OrbBoss",
        "post_wait_freezes": 500,
        "interrupt": "SwipeLeft",
        "next": "SelectOrbBoss"
    },
    "SelectBoss": {
        "recognition": "OCR",
        "replace": [
            [
                " ",
                ""
            ],
            [
                "电",
                "雹"
            ],
            [
                "電",
                "雹"
            ]
        ],
        "action": "Click",
        "target_offset": [
            750,
            -15,
            -185,
            -20
        ],
        "post_wait_freezes": 500,
        "next": "TopLevel"
    },
    "SelectOrbBoss": {
        "recognition": "OCR",
        "action": "Click",
        "post_wait_freezes": 500,
        "interrupt": "AddOrbLevel",
        "next": "HasSelectedOrbLevel"
    },
    "SelectLevel": {
        "recognition": "OCR",
        "replace": [
            "，",
            ","
        ],
        "action": "Click",
        "target_offset": [
            200,
            -25,
            -140,
            10
        ],
        "post_wait_freezes": 500,
        "next": [
            "SelectLevel",
            "StartFight"
        ]
    },
    "TopLevel": {
        "recognition": "TemplateMatch",
        "action": "Click",
        "template": [
            "SelectBossLevel1__932_514_164_39__882_464_264_139.png"
        ],
        "threshold": 0.6,
        "index": -1,
        "order_by": "Vertical",
        "post_wait_freezes": 500,
        "target_offset": [20,-50,-60,-10],
        "next": [
            "StartFight",
            "TopLevel"
        ]
    },
    "AddOrbLevel": {
        "action": "Click",
        "target": [
            967,
            133,
            22,
            25
        ],
        "post_wait_freezes": 500
    },
    "HasSelectedOrbLevel": {
        "recognition": "OCR",
        "roi": [
            801,
            123,
            107,
            40
        ],
        "action": "DoNothing",
        "next": "StartFight"
    },
    "StartFight": {
        "recognition": "OCR",
        "roi": [
            277,
            411,
            723,
            265
        ],
        "action": "Click",
        "expected": [
            "战斗",
            "挑战",
            "部队编队"
        ],
        "target_offset": [0,-20,-40,-20],
        "post_wait_freezes": {
            "time": 500,
            "target": [
                99,
                0,
                1087,
                595
            ]
        },
        "interrupt": "OK",
        "next": [
            "UseAPOrTickets",
            "hasSelectedUnit",
            "UnitList",
            "ConsumeAPStones"
        ]
    },
    "UseAPOrTickets": {
        "recognition": "OCR",
        "roi": [
            425,
            243,
            438,
            135
        ],
        "expected": "体力",
        "action": "Click",
        "next": "AddAP"
    },
    "ClearAP": {
        "recognition": "TemplateMatch",
        "roi": [
            790,
            346,
            143,
            142
        ],
        "action": "Click",
        "template": "clear_AP_icon__840_396_43_42__790_346_143_142.png",
        "threshold": 0.9,
        "next": "APOK"
    },
    "ZeroAP": {
        "recognition": "OCR",
        "expected": "体力不足",
        "next": "ForceGoBackHomepage"
    },
    "AddAP": {
        "action": "Click",
        "target": [
            740,
            410,
            5,
            5
        ],
        "post_wait_freezes": 500,
        "next": [
            "ConsumeNAPs",
            "AddAP"
        ]
    },
    "ConsumeNAPs": {
        "recognition": "OCR",
        "roi": [
            642,
            343,
            145,
            146
        ],
        "post_delay": 500,
        "expected": "1",
        "action": "DoNothing",
        "next": "APOK"
    },
    "APOK": {
        "recognition": "OCR",
        "action": "Click",
        "expected": "OK",
        "replace": [
            ["Ok","OK"],
            ["oK","OK"],
            ["ok","OK"]
        ],
        "post_wait_freezes": 500,
        "target_offset": [0,-10,-20,-20],
        "next": [
            "ConsumeAPStones",
            "APOK",
            "hasSelectedUnit",
            "UnitList",
            "StartFight"
        ]
    },
    "ConsumeAPStones": {
        "recognition": "OCR",
        "action": "Click",
        "expected": "消耗体力石",
        "next": "APOK"
    },
    "hasSelectedUnit": {
        "recognition": "OCR",
        "roi": [
            256,
            58,
            833,
            61
        ],
        "pre_wait_freezes": 500,
        "post_wait_freezes": 500,
        "next": "Sally"
    },
    "UnitList": {
        "recognition": "TemplateMatch",
        "roi": [
            1050,
            0,
            209,
            116
        ],
        "template": "SelectUnit__1221_36_33_30__1171_0_109_116.png",
        "action": "Click",
        "threshold": 0.6,
        "target_offset": [0,-20,-20,-20],
        "pre_wait_freezes": 500,
        "post_wait_freezes": 2000,
        "interrupt": "SwipeUp",
        "next": [
            "SelectUnit",
            "UnitList"
        ]
    },
    "SelectUnit": {
        "recognition": "OCR",
        "roi": [
            378,
            54,
            475,
            668
        ],
        "expected": "05",
        "target_offset": [0,-20,-20,-20],
        "action": "Click",
        "pre_wait_freezes": 500,
        "post_wait_freezes": 500,
        "next": "Sally"
    },
    "Sally": {
        "recognition": "OCR",
        "action": "Click",
        "expected": "出击",
        "post_wait_freezes": 1000,
        "interrupt": [
            "OK",
            "Auto",
            "ClickScreen",
            "EndFight",
            "GiveUp",
            "GoBack",
            "HomepageButton",
            "SkipTimeLimitShop"
        ],
        "target_offset": [0,-20,-20,-20],
        "next": [
            "AtHomepage"
        ],
        "timeout": 1200000
    },
    "Auto": {
        "recognition": "OCR",
        "action": "Click",
        "roi": [
            166,
            0,
            476,
            80
        ],
        "expected": "AUTO OFF",
        "replace": [
            "AUTOOFF",
            "AUTO OFF"
        ],
        "interrupt": [
            "Full",
            "Auto"
        ],
        "next": "IsAutoOn"
    },
    "Full": {
        "recognition": "OCR",
        "action": "Click",
        "roi": [
            166,
            0,
            476,
            80
        ],
        "expected": "FULL"
    },
    "IsAutoOn": {
        "recognition": "OCR",
        "roi": [
            166,
            0,
            476,
            80
        ],
        "expected": "AUTO ON",
        "replace": [
            "AUTOON",
            "AUTO ON"
        ]
    },
    "EndFight": {
        "recognition": "OCR",
        "action": "Click",
        "expected": "战斗奖励"
    },
    "GiveUp": {
        "recognition": "OCR",
        "action": "Click",
        "expected": "放弃"
    },
    "ChallengeSetting": {
        "recognition": "OCR",
        "roi": [
            455,
            535,
            686,
            159
        ],
        "expected": "部队编队",
        "pre_wait_freezes": 500,
        "next": "StartFight"
    },
    "PowerSavingSweep": {
        "recognition": "TemplateMatch",
        "roi": [
            455,
            535,
            686,
            159
        ],
        "action": "Click",
        "template": [
            "PowerSavingSweep__832_583_247_75__782_533_347_175.png",
            "PowerSavingSweep__809_557_205_70__759_507_305_170.png"
        ],
        "pre_wait_freezes": 500,
        "interrupt": "OK",
        "next": "AtAutoSweep"
    },
    "PowerSavingMode": {
        "recognition": "OCR",
        "action": "Click",
        "expected": "省电模式",
        "next": "FightAgain"
    },
    "FightAgain": {
        "recognition": "OCR",
        "action": "Click",
        "expected": "再次挑战",
        "next": "AtAutoSweep"
    },
    "FightAgainLoop": {
        "action": "Click",
        "target": [
            732,
            483,
            128,
            34
        ],
        "next": "FightAgainLoop"
    },
    "AtAutoSweep": {
        "recognition": "OCR",
        "expected": "结束自动刷图",
        "post_delay": 1000
    },
    "EndAutoSweep": {
        "recognition": "OCR",
        "action": "Click",
        "expected": "结束自动刷图",
        "interrupt": [
            "ClickScreen",
            "EndFight"
        ],
        "next": [
            "EndAutoSweep",
            "AtHomepage"
        ]
    }
}