{
    "StartCasual": {
        "action": "Click",
        "recognition": "OCR",
        "expected": "休闲",
        "roi": [
            326,
            558,
            954,
            162
        ],
        "post_wait_freezes": 500,
        "interrupt": [
            "GoBackHomepage",
            "Auto",
            "EndFight",
            "ClickScreen",
            "SkipStory"
        ],
        "next": [
            "EnterArtsBattle",
            "StartCasual"
        ]
    },
    "EnterArtsBattle": {
        "recognition": "OCR",
        "expected": "技术模拟战",
        "action": "Click",
        "target_offset": [
            0,
            -40,
            -80,
            0
        ],
        "next": "SelectArtsBattleMode"
    },
    "SelectArtsBattleMode": {
        "recognition": "OCR",
        "expected": "技术模拟战",
        "roi": [
            77,
            -2,
            214,
            83
        ],
        "next": "SelectArtsBattleNormal"
    },
    "SelectArtsBattleNormal": {
        "recognition": "OCR",
        "expected": "战斗",
        "action": "Click",
        "roi": [
            1102,
            186,
            178,
            150
        ],
        "post_wait_freezes": 500,
        "timeout": 7200000,
        "next": [
            "SwipeToTop",
            "EndArtsBattle",
            "SelectArtsBattleNormal"
        ]
    },
    "SelectArtsBattleEndless": {
        "recognition": "OCR",
        "expected": "无尽模式",
        "action": "Click",
        "roi": [
            1029,
            459,
            177,
            62
        ],
        "timeout": 7200000,
        "next": [
            "SwipeToTop",
            "EndArtsBattle",
            "SelectArtsBattleEndless"
        ]
    },
    "SwipeToTop": {
        "recognition": "OCR",
        "action": "Click",
        "expected": "赛季点数",
        "target": [
            1172,
            106,
            0,
            0
        ],
        "post_wait_freezes": 1000,
        "interrupt": "SwipeUp",
        "next": [
            "SelectArtsBattleLevel"
        ]
    },
    "SelectArtsBattleLevel": {
        "recognition": "OCR",
        "action": "Click",
        "roi": [
            131,
            89,
            1149,
            631
        ],
        "pre_wait_freezes": 500,
        "index": 0,
        "next": [
            "SelectUnitButton",
            "SelectArtsBattleLevel"
        ]
    },
    "SelectUnitButton": {
        "recognition": "OCR",
        "action": "Click",
        "expected": "选择队伍",
        "post_wait_freezes": 500,
        "next": [
            "hasSelectedUnit",
            "UnitList",
            "SelectUnitButton"
        ]
    },
    "StartArtsBattle": {
        "recognition": "OCR",
        "action": "Click",
        "expected": "挑战",
        "roi": [
            695,
            561,
            304,
            72
        ],
        "pre_wait_freezes": 1000,
        "post_wait_freezes": 1000,
        "interrupt": [
            "Auto"
        ],
        "next": [
            "EndArtsBattle",
            "StartArtsBattle"
        ],
        "timeout": 7200000
    },
    "EndArtsBattle": {
        "recognition": "OCR",
        "action": "Click",
        "expected": "奖励",
        "roi": [
            21,
            11,
            117,
            99
        ],
        "post_wait_freezes": 1000,
        "interrupt": "SkipCutscene",
        "next": [
            "SelectArtsBattleMode",
            "SwipeToTop",
            "EndArtsBattle"
        ],
        "timeout": 1200000
    }
}