{
    "SelectStory": {
        "recognition": "OCR",
        "roi": [
            488,
            405,
            313,
            137
        ],
        "action": "Click",
        "pre_wait_freezes": 500,
        "post_wait_freezes": 500,
        "interrupt": [
            "PreviousDay",
            "NextDay"
        ],
        "next": [
            "SelectStory",
            "SelectDay"
        ]
    },
    "PreviousStory": {
        "recognition": "OCR",
        "roi": [
            488,
            405,
            313,
            137
        ],
        "action": "Click",
        "target": [
            337,
            279,
            51,
            86
        ],
        "post_wait_freezes": 500
    },
    "NextStory": {
        "recognition": "OCR",
        "roi": [
            488,
            405,
            313,
            137
        ],
        "action": "Click",
        "target": [
            892,
            279,
            51,
            86
        ],
        "post_wait_freezes": 500
    },
    "SelectDay": {
        "recognition": "OCR",
        "roi": [
            566,
            163,
            705,
            380
        ],
        "post_wait_freezes": 500,
        "next": "StartFromTheMiddle"
    },
    "PreviousDay": {
        "action": "Click",
        "target": [
            1032,
            508,
            77,
            52
        ],
        "post_wait_freezes": 500
    },
    "NextDay": {
        "action": "Click",
        "target": [
            1032,
            508,
            77,
            52
        ],
        "post_wait_freezes": 500
    },
    "StartFromTheMiddle": {
        "recognition": "OCR",
        "roi": [
            639,
            230,
            354,
            267
        ],
        "expected": [
            "从中途开始",
            "追溯过去"
        ],
        "action": "Click",
        "interrupt": [
            "PreviousTime",
            "NextTime"
        ],
        "post_wait_freezes": 500,
        "next": [
            "StartFromTheMiddle",
            "SelectNormalStory",
            "SelectTime"
        ]
    },
    "SelectNormalStory": {
        "recognition": "OCR",
        "roi": [
            834,
            15,
            387,
            73
        ],
        "expected": "追溯过去",
        "action": "Click",
        "interrupt": [
            "PreviousTime",
            "NextTime"
        ],
        "next": "SelectTime"
    },
    "SelectTime": {
        "recognition": "OCR",
        "roi": [
            715,
            330,
            87,
            61
        ],
        "action": "Click",
        "target": [
            1018,
            333,
            194,
            52
        ],
        "post_wait_freezes": 500,
        "timeout": 60000,
        "interrupt": [
            "OK",
            "SkipStory"
        ],
        "next": [
            "SelectTime",
            "MainStoryDungeon"
        ]
    },
    "PreviousTime": {
        "recognition": "OCR",
        "action": "Click",
        "target": [
            1065,
            80,
            121,
            71
        ],
        "post_wait_freezes": 500
    },
    "NextTime": {
        "recognition": "OCR",
        "action": "Click",
        "target": [
            1065,
            557,
            121,
            71
        ],
        "post_wait_freezes": 500
    },
    "MainStoryDungeon": {
        "recognition": "OCR",
        "roi": [
            61,
            37,
            172,
            73
        ],
        "expected": "Day",
        "next": "Menu"
    },
    "NextTimePeriod": {
        "recognition": "OCR",
        "roi": [
            973,
            566,
            143,
            154
        ],
        "expected": "到下一时间段",
        "action": "Click",
        "pre_wait_freezes": 500,
        "timeout": 60000,
        "interrupt": [
            "OK",
            "SkipStory"
        ],
        "next": [
            "RunRight",
            "NextTimePeriod"
        ]
    },
    "RunRight": {
        "recognition": "OCR",
        "expected": "前进吧",
        "action": "Swipe",
        "begin": [
            500,
            300,
            0,
            0
        ],
        "end": [
            700,
            300,
            0,
            0
        ],
        "timeout": 180000,
        "interrupt": [
            "Auto",
            "EndFight",
            "SkipStory",
            "SkipCutscene"
        ],
        "next": "RunLeft"
    },
    "RunLeft": {
        "recognition": "OCR",
        "expected": "前进吧",
        "action": "Swipe",
        "begin": [
            700,
            300,
            0,
            0
        ],
        "end": [
            500,
            300,
            0,
            0
        ],
        "timeout": 180000,
        "interrupt": [
            "Auto",
            "EndFight",
            "SkipStory",
            "SkipCutscene"
        ],
        "next": "RunRight"
    }
}