{
    "StartHBR": {
        "action": "StartApp",
        "package": "com.bilibili.heaven"
    },
    "EndHBR": {
        "pre_delay": 2000,
        "action": "StopApp",
        "package": "com.bilibili.heaven"
    },
    "EndHBR_PC": {
        "action": "DoNothing",
        "pre_delay": 2000,
        "interrupt": "Menu",
        "next": "EndGame"
    },
    "EndGame": {
        "recognition": "OCR",
        "expected": "结束游戏",
        "action": "Click",
        "next": [
            "OK",
            "EndGame"
        ]
    },
    "AcceptAgreement": {
        "recognition": "OCR",
        "roi": [
            628,
            442,
            176,
            90
        ],
        "expected": "同意",
        "action": "Click"
    },
    "Login": {
        "recognition": "OCR",
        "expected": [
            "点击开始"
        ],
        "action": "Click"
    },
    "EndHomepage": {
        "recognition": "TemplateMatch",
        "roi": [
            20,
            213,
            149,
            144
        ],
        "template": "AtHomePage1__70_263_49_44__20_213_149_144.png"
    },
    "AtHomepage": {
        "recognition": "OCR",
        "expected": "邀请好友",
        "next": [
            "SkipHomepageDialogue",
            "EndHomepage"
        ]
    },
    "GoBack": {
        "recognition": "TemplateMatch",
        "template": [
            "GoBack__27_22_50_55__0_0_127_127.png"
        ],
        "roi": [
            0,
            0,
            1225,
            190
        ],
        "action": "Click",
        "post_wait_freezes": 2000
    },
    "ExitWindow": {
        "recognition": "TemplateMatch",
        "template": [
            "TopRightGoBack__1121_103_69_67__1071_53_169_167.png"
        ],
        "roi": [
            0,
            0,
            1225,
            190
        ],
        "action": "Click",
        "post_wait_freezes": 2000
    },
    "SkipHomepageDialogue": {
        "recognition": "TemplateMatch",
        "roi": [
            0,
            183,
            573,
            392
        ],
        "template": "AtHomePage2__0_233_523_292__0_183_573_392.png",
        "action": "Click",
        "post_wait_freezes": 500,
        "next": [
            "SkipHomepageDialogue",
            "EndHomepage"
        ]
    },
    "GoBackHomepage": {
        "interrupt": [
            "AcceptAgreement",
            "Login",
            "SkipCutscene",
            "EndAutoSweep",
            "EndFight",
            "ClickScreen",
            "SkipStory",
            "GoBack",
            "ExitWindow",
            "ExitMenu",
            "HomepageButton",
            "OK",
            "SkipTimeLimitShop"
        ],
        "next": [
            "AtHomepage"
        ],
        "timeout": 300000
    },
    "HomepageButton": {
        "recognition": "OCR",
        "roi": [
            1058,
            519,
            222,
            201
        ],
        "expected": "主页",
        "action": "Click",
        "pre_wait_freezes": 500,
        "post_wait_freezes": 500,
        "next": "OK"
    },
    "ForceGoBackHomepage": {
        "post_wait_freezes": 1000,
        "interrupt": [
            "ExitWindow",
            "ClickTopLeft"
        ],
        "next": "AtHomepage"
    },
    "ClickTopLeft": {
        "action": "Click",
        "roi": [
            0,
            0,
            20,
            20
        ],
        "post_wait_freezes": 1000
    },
    "Click": {
        "action": "Click",
        "target": [
            475,
            320,
            0,
            0
        ]
    },
    "ClickScreen": {
        "recognition": "OCR",
        "action": "Click",
        "expected": "点击画面继续"
    },
    "SkipStory": {
        "recognition": "TemplateMatch",
        "template": "SkipStory__1106_46_52_49__1056_0_152_145.png",
        "roi": [
            1056,
            0,
            152,
            145
        ],
        "action": "Click",
        "pre_wait_freezes": 500
    },
    "SwipeUp": {
        "action": "Swipe",
        "begin": [
            681,
            521,
            0,
            0
        ],
        "end": [
            681,
            200,
            0,
            0
        ],
        "duration": 2000,
        "post_delay": 2000
    },
    "SwipeDown": {
        "action": "Swipe",
        "begin": [
            681,
            200,
            0,
            0
        ],
        "end": [
            681,
            521,
            0,
            0
        ],
        "duration": 2000,
        "post_delay": 2000
    },
    "SwipeLeft": {
        "action": "Swipe",
        "begin": [
            681,
            320,
            0,
            0
        ],
        "end": [
            200,
            320,
            0,
            0
        ],
        "duration": 2000,
        "post_delay": 2000
    },
    "SwipeRight": {
        "action": "Swipe",
        "begin": [
            200,
            320,
            0,
            0
        ],
        "end": [
            681,
            320,
            0,
            0
        ],
        "duration": 2000,
        "post_delay": 2000
    },
    "SkipCutscene": {
        "recognition": "OCR",
        "roi": [
            1097,
            37,
            128,
            50
        ],
        "expected": "SKIP",
        "action": "Click",
        "pre_delay": 500,
        "post_wait_freezes": 500
    },
    "Menu": {
        "recognition": "OCR",
        "roi": [
            56,
            595,
            97,
            92
        ],
        "expected": "菜单",
        "action": "Click",
        "pre_wait_freezes": 500,
        "post_wait_freezes": 500
    },
    "UnitButton": {
        "recognition": "OCR",
        "roi": [
            362,
            522,
            130,
            126
        ],
        "expected": "队伍",
        "action": "Click",
        "post_wait_freezes": 500,
        "next": "UnitList"
    },
    "ExitMenu": {
        "recognition": "OCR",
        "roi": [
            361,
            547,
            530,
            156
        ],
        "expected": [
            "队伍",
            "角色",
            "风格",
            "持有物"
        ],
        "action": "Click",
        "target": [
            27,
            22,
            50,
            55
        ],
        "post_wait_freezes": 500
    },
    "OK": {
        "recognition": "OCR",
        "action": "Click",
        "expected": "OK",
        "replace": [
            ["Ok","OK"],
            ["oK","OK"],
            ["ok","OK"]
        ],
        "pre_wait_freezes": 500,
        "post_wait_freezes": 500
    },
    "SkipTimeLimitShop": {
        "recognition": "OCR",
        "roi": [
            469,
            80,
            329,
            113
        ],
        "expected": "限时商店",
        "action": "Click",
        "target": [
            0,
            0,
            20,
            20
        ],
        "pre_wait_freezes": 500
    }
}