{
	"Line1": {
		"recognition": "OCR",
		"expected": "start",
		"replace": [["Start","start"],["开始行动","start"],["开始行","start"]],
		"next": "T1Step1"
	},
	"T1Step1": {
		"next": "T2Step1",
		"recognition": "OCR",
		"roi" : [985,515,165,165],
		"expected": "start","replace": [["Start","start"],["开始行动","start"],["开始行","start"]],
		"action": "Click",
		"target": [1050,530,10,10],
		"post_delay": 20000
	},
	"T2Step1": {
		"next": "T2Step2",
		"action": "Click",
		"post_delay": 600,
		"target": [81,585,29,28]
	},
	"T2Step2": {
		"next": "T2Step3",
		"action": "Click",
		"post_delay": 600,
		"target": [626,282,65,40]
	},
	"T2Step3": {
		"next": "T2Step4",
		"action": "Click",
		"post_delay": 600,
		"target": [259,589,28,23]
	},
	"T2Step4": {
		"next": "T2Step5",
		"action": "Click",
		"post_delay": 600,
		"target": [626,282,65,40]
	},
	"T2Step5": {
		"next": "T2Step6",
		"action": "Click",
		"post_delay": 600,
		"target": [81,585,29,28]
	},
	"T2Step6": {
		"next": "T2Step7",
		"action": "Click",
		"post_delay": 600,
		"target": [432,588,24,22]
	},
	"T2Step7": {
		"next": "T2Step8",
		"action": "Click",
		"post_delay": 600,
		"target": [626,282,65,40]
	},
	"T2Step8": {
		"next": "T2Step9",
		"action": "Click",
		"post_delay": 600,
		"target": [81,585,29,28]
	},
	"T2Step9": {
		"recognition": "OCR",
		"roi" : [985,515,165,165],
		"expected": "start","replace": [["Start","start"],["开始行动","start"],["开始行","start"]],
		"action": "Click",
		"target": [1050,530,10,10],
		"post_delay": 20000
	}
}