{
	"Line2": {
		"recognition": "OCR",
		"expected": "start",
		"replace": [["Start","start"],["开始行动","start"],["开始行","start"]],
		"next": "T1Step1"
	},
	"T1Step1": {
		"next": "T1Step2",
		"action": "Click",
		"post_delay": 600,
		"target": [81,585,29,28]
	},
	"T1Step2": {
		"next": "T1Step3",
		"action": "Click",
		"post_delay": 600,
		"target": [626,282,65,40]
	},
	"T1Step3": {
		"next": "T1Step4",
		"action": "Click",
		"post_delay": 600,
		"target": [259,589,28,23]
	},
	"T1Step4": {
		"next": "T1Step5",
		"action": "Click",
		"post_delay": 600,
		"target": [616,390,56,36]
	},
	"T1Step5": {
		"next": "T1Step6",
		"action": "Click",
		"post_delay": 600,
		"target": [432,588,24,22]
	},
	"T1Step6": {
		"next": "T1Step7",
		"action": "Click",
		"post_delay": 600,
		"target": [670,175,41,32]
	},
	"T1Step7": {
		"next": "T2Step1",
		"recognition": "OCR",
		"roi" : [985,515,165,165],
		"expected": "start","replace": [["Start","start"],["开始行动","start"],["开始行","start"]],
		"action": "Click",
		"target": [1050,530,10,10],
		"post_delay": 20000
	},
	"T2Step1": {
		"next": "T2Step2",
		"action": "Click",
		"post_delay": 600,
		"target": [432,588,24,22]
	},
	"T2Step2": {
		"next": "T2Step3",
		"action": "Click",
		"post_delay": 600,
		"target": [598,590,21,22]
	},
	"T2Step3": {
		"next": "T2Step4",
		"action": "Click",
		"post_delay": 600,
		"target": [81,585,29,28]
	},
	"T2Step4": {
		"next": "T2Step5",
		"action": "Click",
		"post_delay": 600,
		"target": [670,175,41,32]
	},
	"T2Step5": {
		"next": "T2Step6",
		"action": "Click",
		"post_delay": 600,
		"target": [738,591,26,26]
	},
	"T2Step6": {
		"next": "T2Step7",
		"action": "Click",
		"post_delay": 600,
		"target": [259,589,28,23]
	},
	"T2Step7": {
		"next": "T2Step8",
		"action": "Click",
		"post_delay": 600,
		"target": [670,175,41,32]
	},
	"T2Step8": {
		"next": "T2Step9",
		"action": "Click",
		"post_delay": 600,
		"target": [738,591,26,26]
	},
	"T2Step9": {
		"next": "T3Step1",
		"recognition": "OCR",
		"roi" : [985,515,165,165],
		"expected": "start","replace": [["Start","start"],["开始行动","start"],["开始行","start"]],
		"action": "Click",
		"target": [1050,530,10,10],
		"post_delay": 20000
	},
	"T3Step1": {
		"next": "T3Step2",
		"action": "Click",
		"post_delay": 600,
		"target": [259,589,28,23]
	},
	"T3Step2": {
		"next": "T3Step3",
		"action": "Click",
		"post_delay": 600,
		"target": [598,590,21,22]
	},
	"T3Step3": {
		"next": "T3Step4",
		"action": "Click",
		"post_delay": 600,
		"target": [432,588,24,22]
	},
	"T3Step4": {
		"next": "T3Step5",
		"action": "Click",
		"post_delay": 600,
		"target": [888,590,24,24]
	},
	"T3Step5": {
		"next": "T3Step6",
		"action": "Click",
		"post_delay": 600,
		"target": [81,585,29,28]
	},
	"T3Step6": {
		"next": "T3Step7",
		"action": "Click",
		"post_delay": 600,
		"target": [670,175,41,32]
	},
	"T3Step7": {
		"next": "T3Step8",
		"action": "Click",
		"post_delay": 600,
		"target": [738,591,26,26]
	},
	"T3Step8": {
		"next": "T3Step9",
		"action": "Click",
		"post_delay": 600,
		"target": [259,589,28,23]
	},
	"T3Step9": {
		"next": "T3Step10",
		"action": "Click",
		"post_delay": 600,
		"target": [670,175,41,32]
	},
	"T3Step10": {
		"next": "T3Step11",
		"action": "Click",
		"post_delay": 600,
		"target": [432,588,24,22]
	},
	"T3Step11": {
		"next": "T3Step12",
		"action": "Click",
		"post_delay": 600,
		"target": [670,175,41,32]
	},
	"T3Step12": {
		"next": "T4Step1",
		"recognition": "OCR",
		"roi" : [985,515,165,165],
		"expected": "start","replace": [["Start","start"],["开始行动","start"],["开始行","start"]],
		"action": "Click",
		"target": [1050,530,10,10],
		"post_delay": 20000
	},
	"T4Step1": {
		"next": "T4Step2",
		"action": "Click",
		"post_delay": 600,
		"target": [259,589,28,23]
	},
	"T4Step2": {
		"next": "T4Step3",
		"action": "Click",
		"post_delay": 600,
		"target": [888,590,24,24]
	},
	"T4Step3": {
		"next": "T4Step4",
		"action": "Click",
		"post_delay": 600,
		"target": [432,588,24,22]
	},
	"T4Step4": {
		"next": "T4Step5",
		"action": "Click",
		"post_delay": 600,
		"target": [738,591,26,26]
	},
	"T4Step5": {
		"next": "T4Step6",
		"action": "Click",
		"post_delay": 600,
		"target": [259,589,28,23]
	},
	"T4Step6": {
		"next": "T4Step7",
		"action": "Click",
		"post_delay": 600,
		"target": [670,175,41,32]
	},
	"T4Step7": {
		"next": "T4Step8",
		"action": "Click",
		"post_delay": 600,
		"target": [432,588,24,22]
	},
	"T4Step8": {
		"next": "T4Step9",
		"action": "Click",
		"post_delay": 600,
		"target": [670,175,41,32]
	},
	"T4Step9": {
		"recognition": "OCR",
		"roi" : [985,515,165,165],
		"expected": "start","replace": [["Start","start"],["开始行动","start"],["开始行","start"]],
		"action": "Click",
		"target": [1050,530,10,10],
		"post_delay": 20000
	}
}