{
	"Line3": {
		"recognition": "TemplateMatch",
		"roi" : [1050,515,213,155],
		"template": ["Action.png"],
		"target": [1150,580,10,10],
		"post_delay": 3000,
		"next": "Line3_T1Step1"
	},
	"Line3_T1Step1": {
		"next": "Line3_T1Step2",
		"recognition": "TemplateMatch",
		"roi" : [1050,516,213,155],
		"template": ["Action.png"],
		"pre_delay": 3000,
		"target": [1150,580,10,10]
	},
	"Line3_T1Step2": {
		"next": "Line3_T2Step1",
		"recognition": "TemplateMatch",
		"roi" : [1050,515,213,155],
		"template": ["Action.png"],
		"action": "Click",
		"target": [1150,580,10,10],
		"post_delay": 3000
	},
	"Line3_T2Step1": {
		"next": "Line3_T2Step2",
		"recognition": "TemplateMatch",
		"roi" : [1050,516,213,155],
		"template": ["Action.png"],
		"pre_delay": 3000,
		"target": [1150,580,10,10]
	},
	"Line3_T2Step2": {
		"next": "Line3_T2Step3",
		"action": "Click",
		"post_delay": 600,
		"target": [300,589,28,23]
	},
	"Line3_T2Step3": {
		"next": "Line3_T2Step4",
		"action": "Click",
		"post_delay": 600,
		"target": [626,282,65,40]
	},
	"Line3_T2Step4": {
		"next": "Line3_T2Step5",
		"action": "Click",
		"post_delay": 600,
		"target": [100,585,29,28]
	},
	"Line3_T2Step5": {
		"next": "Line3_T3Step1",
		"recognition": "TemplateMatch",
		"roi" : [1050,515,213,155],
		"template": ["Action.png"],
		"action": "Click",
		"target": [1150,580,10,10],
		"post_delay": 3000
	},
	"Line3_T3Step1": {
		"next": "Line3_T3Step2",
		"recognition": "TemplateMatch",
		"roi" : [1050,516,213,155],
		"template": ["Action.png"],
		"pre_delay": 3000,
		"target": [1150,580,10,10]
	},
	"Line3_T3Step2": {
		"next": "Line3_T3Step3",
		"action": "Click",
		"post_delay": 600,
		"target": [100,585,29,28]
	},
	"Line3_T3Step3": {
		"next": "Line3_T3Step4",
		"action": "Click",
		"post_delay": 600,
		"target": [670,175,41,32]
	},
	"Line3_T3Step4": {
		"next": "Line3_T3Step5",
		"action": "Click",
		"post_delay": 600,
		"target": [300,589,28,23]
	},
	"Line3_T3Step5": {
		"next": "Line3_T3Step6",
		"action": "Click",
		"post_delay": 600,
		"target": [626,282,65,40]
	},
	"Line3_T3Step6": {
		"next": "Line3_T3Step7",
		"action": "Click",
		"post_delay": 600,
		"target": [100,585,29,28]
	},
	"Line3_T3Step7": {
		"next": "Line3_T3Step8",
		"action": "Click",
		"post_delay": 600,
		"target": [500,588,24,22]
	},
	"Line3_T3Step8": {
		"next": "Line3_T3Step9",
		"action": "Click",
		"post_delay": 600,
		"target": [626,282,65,40]
	},
	"Line3_T3Step9": {
		"next": "Line3_T3Step10",
		"action": "Click",
		"post_delay": 600,
		"target": [100,585,29,28]
	},
	"Line3_T3Step10": {
		"next": "Line3_T4Step1",
		"recognition": "TemplateMatch",
		"roi" : [1050,515,213,155],
		"template": ["Action.png"],
		"action": "Click",
		"target": [1150,580,10,10],
		"post_delay": 3000
	},
	"Line3_T4Step1": {
		"next": "Line3_T4Step2",
		"recognition": "TemplateMatch",
		"roi" : [1050,516,213,155],
		"template": ["Action.png"],
		"pre_delay": 3000,
		"target": [1150,580,10,10]
	},
	"Line3_T4Step2": {
		"next": "Line3_T4Step3",
		"action": "Click",
		"post_delay": 600,
		"target": [100,585,29,28]
	},
	"Line3_T4Step3": {
		"next": "Line3_T4Step4",
		"action": "Click",
		"post_delay": 600,
		"target": [626,282,65,40]
	},
	"Line3_T4Step4": {
		"recognition": "TemplateMatch",
		"roi" : [1050,515,213,155],
		"template": ["Action.png"],
		"action": "Click",
		"target": [1150,580,10,10],
		"post_delay": 3000
	}
}