{
    "Gift": {
        "recognition": "OCR",
        "action": "Click",
        "roi": [
            207,
            557,
            178,
            163
        ],
        "expected": "礼物",
        "post_wait_freezes": 500,
        "next": [
            "GiftBox",
            "Gift"
        ]
    },
    "GiftBox": {
        "recognition": "OCR",
        "roi": [
            0,
            0,
            245,
            110
        ],
        "expected": "礼物箱",
        "post_wait_freezes": 500,
        "next": [
            "GetGift",
            "GoBackHomepage"
        ]
    },
    "GetGift": {
        "recognition": "TemplateMatch",
        "roi": [
            987,
            606,
            242,
            55
        ],
        "template": "GetGift__987_606_242_55__937_556_342_155.png",
        "action": "Click",
        "post_wait_freezes": 500,
        "next": [
            "GetGift",
            "GetConfirm",
            "GoBackHomepage"
        ]
    },
    "GetConfirm": {
        "recognition": "OCR",
        "action": "Click",
        "roi": [
            737,
            582,
            130,
            49
        ],
        "expected": "领取",
        "post_wait_freezes": 500,
        "next": "GetOK"
    },
    "GetOK": {
        "recognition": "OCR",
        "action": "Click",
        "expected": "OK",
        "post_wait_freezes": 500,
        "next": [
            "GetOK",
            "GoBackHomepage"
        ]
    },
    "WeeklyFreeGift": {
        "post_wait_freezes": 1000,
        "next": [
            "HasWeeklyFreeGift",
            "GoBackHomepage"
        ]
    },
    "HasWeeklyFreeGift": {
        "recognition": "OCR",
        "expected": "免费礼包",
        "roi": [
            921,
            34,
            252,
            83
        ],
        "action": "Click",
        "target": [
            1113,
            40,
            25,
            26
        ],
        "post_wait_freezes": 1000,
        "next": [
            "PurchaseWeeklyFreeGift",
            "HasWeeklyFreeGift"
        ]
    },
    "PurchaseWeeklyFreeGift": {
        "recognition": "OCR",
        "expected": "每周免费礼包",
        "action": "Click",
        "target_offset": [
            14,
            114,
            -30,
            0
        ],
        "post_wait_freezes": 1000,
        "next": [
            "ConfirmPurchase",
            "PurchaseWeeklyFreeGift"
        ]
    },
    "ConfirmPurchase": {
        "recognition": "OCR",
        "expected": "进行购买",
        "roi": [
            295,
            458,
            726,
            178
        ],
        "action": "Click",
        "post_wait_freezes": 1000,
        "next": [
            "ConfirmPurchase",
            "GoBackHomepage"
        ]
    }
}