{
    "Lottery": {
        "recognition": "OCR",
        "roi": [
            161,
            644,
            53,
            39
        ],
        "expected": "扭蛋",
        "action": "Click",
        "post_wait_freezes": 500,
        "interrupt": "OK",
        "next": [
            "AtLottery",
            "Lottery"
        ]
    },
    "AtLottery": {
        "recognition": "OCR",
        "roi": [
            86,
            7,
            112,
            74
        ],
        "expected": "Lottery",
        "post_wait_freezes": 500,
        "next": [
            "FreeLottery",
            "TraverseLottery"
        ]
    },
    "TraverseLottery": {
        "recognition": "OCR",
        "roi": [
            760,
            539,
            504,
            122
        ],
        "expected": [
            "还剩",
            "扭蛋",
            "Step"
        ],
        "target": [
            809,
            582,
            129,
            37
        ],
        "action": "Click",
        "rate_limit": 2000,
        "post_delay": 500,
        "next": [
            "FreeLottery",
            "TraverseLottery",
            "GoBackHomepage"
        ]
    },
    "FreeLottery": {
        "recognition": "TemplateMatch",
        "template": [
            "FreeLottery__845_410_198_67__795_360_298_167.png",
            "FreeLottery2__846_405_190_75__796_355_290_175.png"
        ],
        "roi": [
            666,
            352,
            548,
            188
        ],
        "threshold": 0.9,
        "action": "Click",
        "post_wait_freezes": 500,
        "interrupt": "OK",
        "next": [
            "ConfirmLottery",
            "FreeLottery"
        ]
    },
    "ConfirmLottery": {
        "recognition": "OCR",
        "roi": [
            709,
            516,
            190,
            64
        ],
        "expected": "连抽",
        "action": "Click",
        "rate_limit": 2000,
        "post_delay": 5000,
        "interrupt": [
            "SkipCutscene",
            "GoBack",
            "Click"
        ],
        "timeout": 120000,
        "next": [
            "TraverseLottery",
            "AtHomepage",
            "ConfirmLottery"
        ]
    }
}