{
    "Mission": {
        "recognition": "OCR",
        "action": "Click",
        "roi": [
            294,
            553,
            199,
            167
        ],
        "expected": "任务",
        "next": [
            "MonthlyMission",
            "Mission"
        ],
        "post_wait_freezes": 500
    },
    "GetReward": {
        "recognition": "TemplateMatch",
        "template": "MissionGetReward__999_606_210_53__949_556_310_153.png",
        "action": "Click",
        "post_wait_freezes": 2000,
        "next": "MissionOK"
    },
    "MissionOK": {
        "recognition": "OCR",
        "action": "Click",
        "expected": "OK",
        "post_wait_freezes": 1000,
        "next": [
            "GetReward",
            "DailyMission",
            "WeeklyMission",
            "AccumulatedMission",
            "ChallengeMission",
            "EventMission",
            "LimitedTimeMission",
            "BackToHomepage"
        ]
    },
    "MonthlyMission": {
        "recognition": "OCR",
        "action": "Click",
        "expected": "每月任务",
        "post_wait_freezes": 2000,
        "next": [
            "GetReward",
            "DailyMission"
        ]
    },
    "DailyMission": {
        "recognition": "OCR",
        "action": "Click",
        "expected": "通行证",
        "target": [
            13,
            17,
            79,
            70
        ],
        "post_wait_freezes": 500,
        "next": "ConfirmAtDailyMission"
    },
    "ConfirmAtDailyMission": {
        "recognition": "OCR",
        "roi": [
            77,
            0,
            109,
            101
        ],
        "expected": "任务",
        "action": "Click",
        "target": [
            66,
            133,
            139,
            22
        ],
        "pre_wait_freezes": 1000,
        "next": [
            "GetReward",
            "WeeklyMission"
        ]
    },
    "WeeklyMission": {
        "recognition": "TemplateMatch",
        "roi": [
            0,
            67,
            1280,
            150
        ],
        "template": "AtDailyMission__28_117_1220_50__0_67_1280_150.png",
        "action": "Click",
        "target": [
            266,
            133,
            139,
            22
        ],
        "next": [
            "GetReward",
            "AccumulatedMission"
        ]
    },
    "AccumulatedMission": {
        "recognition": "TemplateMatch",
        "roi": [
            0,
            67,
            1280,
            150
        ],
        "template": "AtWeeklyMission__28_117_1220_50__0_67_1280_150.png",
        "action": "Click",
        "target": [
            467,
            133,
            139,
            22
        ],
        "next": [
            "GetReward",
            "ChallengeMission"
        ]
    },
    "ChallengeMission": {
        "recognition": "TemplateMatch",
        "roi": [
            0,
            67,
            1280,
            150
        ],
        "template": "AtAccumulatedMission__28_117_1220_50__0_67_1280_150.png",
        "action": "Click",
        "target": [
            671,
            133,
            139,
            22
        ],
        "next": [
            "GetReward",
            "EventMission"
        ]
    },
    "EventMission": {
        "recognition": "TemplateMatch",
        "roi": [
            0,
            67,
            1280,
            150
        ],
        "template": "AtChallengeMission__28_117_1220_50__0_67_1280_150.png",
        "action": "Click",
        "target": [
            870,
            133,
            139,
            22
        ],
        "post_delay": 500,
        "next": [
            "GetReward",
            "LimitedTimeMission"
        ]
    },
    "LimitedTimeMission": {
        "recognition": "TemplateMatch",
        "roi": [
            0,
            67,
            1280,
            150
        ],
        "template": "AtEventMission__28_117_1220_50__0_67_1280_150.png",
        "action": "Click",
        "target": [
            1066,
            133,
            139,
            22
        ],
        "next": [
            "GetReward",
            "BackToHomepage"
        ]
    },
    "BackToHomepage": {
        "recognition": "TemplateMatch",
        "roi": [
            0,
            67,
            1280,
            150
        ],
        "template": "AtLimitedTimeMission__28_117_1220_50__0_67_1280_150.png",
        "next": "GoBackHomepage"
    }
}