{
	"Gem3": {
		"recognition": "TemplateMatch",
		"roi" : [1050,515,213,155],
		"template": ["Action.png"],
		"target": [1150,580,10,10],
		"post_delay": 3000,
		"next": "Gem3_T1Step1"
	},
	"Gem3_T1Step1": {
		"next": "Gem3_T1Step2",
		"recognition": "TemplateMatch",
		"roi" : [1050,516,213,155],
		"template": ["Action.png"],
		"pre_delay": 3000,
		"target": [1150,580,10,10]
	},
	"Gem3_T1Step2": {
		"next": "Gem3_T2Step1",
		"recognition": "TemplateMatch",
		"roi" : [1050,515,213,155],
		"template": ["Action.png"],
		"action": "Click",
		"target": [1150,580,10,10],
		"post_delay": 3000
	},
	"Gem3_T2Step1": {
		"next": "Gem3_T2Step2",
		"recognition": "TemplateMatch",
		"roi" : [1050,516,213,155],
		"template": ["Action.png"],
		"pre_delay": 3000,
		"target": [1150,580,10,10]
	},
	"Gem3_T2Step2": {
		"next": "Gem3_T2Step3",
		"action": "Click",
		"post_delay": 600,
		"target": [100,585,29,28]
	},
	"Gem3_T2Step3": {
		"next": "Gem3_T2Step4",
		"action": "Click",
		"post_delay": 600,
		"target": [626,282,65,40]
	},
	"Gem3_T2Step4": {
		"next": "Gem3_T2Step5",
		"action": "Click",
		"post_delay": 600,
		"target": [300,589,28,23]
	},
	"Gem3_T2Step5": {
		"next": "Gem3_T2Step6",
		"action": "Click",
		"post_delay": 600,
		"target": [626,282,65,40]
	},
	"Gem3_T2Step6": {
		"next": "Gem3_T2Step7",
		"action": "Click",
		"post_delay": 600,
		"target": [100,585,29,28]
	},
	"Gem3_T2Step7": {
		"next": "Gem3_T2Step8",
		"action": "Click",
		"post_delay": 600,
		"target": [500,588,24,22]
	},
	"Gem3_T2Step8": {
		"next": "Gem3_T2Step9",
		"action": "Click",
		"post_delay": 600,
		"target": [626,282,65,40]
	},
	"Gem3_T2Step9": {
		"next": "Gem3_T2Step10",
		"action": "Click",
		"post_delay": 600,
		"target": [100,585,29,28]
	},
	"Gem3_T2Step10": {
		"recognition": "TemplateMatch",
		"roi" : [1050,515,213,155],
		"template": ["Action.png"],
		"action": "Click",
		"target": [1150,580,10,10],
		"post_delay": 3000
	}
}